ID, RA, DEC, Z, EW, CatID
1,53.07320833333333,-27.82802777777778,0.337,98,1,0
2,53.016916666666674,-27.623722222222227,0.977,124,1,0
3,52.94241666666667,-27.9523888888889,0.0,129,1,0
4,53.281708333333334,-27.857472222222217,1.609,153,1,0
5,52.91725000000001,-28.05208333333333,0.0,249,1,0
6,52.894708333333334,-27.939388888888892,3.131,377,1,0
7,53.303,-27.713027777777775,0.0,389,1,0
8,52.962666666666664,-27.954361111111112,0.0,195,1,0
9,53.270250000000004,-27.76525,0.0,97,1,0
10,53.07833333333333,-27.713388888888897,3.116,230,1,0
11,53.336,-27.684527777777774,0.0,104,1,0
12,53.12954166666666,-27.929583333333333,0.663,82,1,0
13,52.97866666666667,-27.855805555555555,3.115,311,1,0
14,53.14104166666667,-27.60972222222222,0.0,266,1,0
15,53.26337499999999,-27.84663888888889,0.0,182,1,0
16,53.11229166666666,-27.691083333333335,3.113,182,1,0
17,52.94420833333333,-27.552166666666665,0.0,82,1,0
18,53.155375,-28.06069444444444,0.0,724,1,0
19,52.956500000000005,-27.78644444444444,0.0,93,1,0
20,53.089583333333344,-28.009833333333333,0.0,389,1,0
21,53.320791666666665,-28.003527777777776,0.0,200,1,0
22,53.055333333333344,-27.724972222222224,3.117,547,1,0
23,53.161833333333334,-27.695611111111113,0.0,140,1,0
24,52.96508333333334,-27.975694444444443,0.0,464,1,0
25,52.89229166666668,-27.70338888888889,0.0,93,1,0
26,53.32745833333333,-27.76177777777778,0.0,423,1,0
27,53.19479166666667,-27.66663888888889,3.112,514,1,0
28,52.94879166666666,-27.80811111111111,0.0,133,1,0
29,53.39279166666667,-27.540166666666668,0.0,252,1,0
30,53.318333333333335,-28.054194444444445,0.0,441,1,0
31,53.252250000000004,-27.947666666666667,0.0,474,1,0
32,53.386208333333336,-27.741194444444446,3.116,291,1,0
33,53.09020833333333,-27.999611111111115,0.0,184,1,0
34,53.2995,-28.003472222222218,0.0,182,1,0
35,53.072750000000006,-27.71275,0.0,2575,1,0
36,52.97170833333334,-27.95222222222221,3.115,335,1,0
37,53.12275,-27.984416666666668,0.0,445,1,0
38,52.92645833333334,-27.968861111111114,0.0,205,1,0
39,52.95983333333333,-27.9861111111111,3.123,258,1,0
40,52.98283333333333,-28.00619444444445,0.0,365,1,0
41,53.213958333333345,-28.041194444444443,0.0,297,1,0
42,52.82825,-27.748944444444444,0.0,450,1,0
43,53.260208333333324,-27.836944444444455,0.0,93,1,0
44,53.35216666666666,-27.545055555555553,0.0,90,1,0
45,53.32879166666667,-27.641222222222222,3.106,161,1,0
46,53.323708333333336,-27.54186111111111,3.13,285,1,0
47,53.03137499999999,-27.55230555555556,0.0,193,1,0
48,52.87770833333333,-27.723666666666666,0.0,200,1,0
49,53.137916666666676,-27.90538888888889,0.0,317,1,0
50,53.19,-27.86963888888889,3.107,611,1,0
51,53.22845833333333,-27.777777777777775,3.132,151,1,0
52,52.949124999999995,-27.750972222222224,3.107,269,1,0
53,53.065749999999994,-27.736166666666676,3.119,252,1,0
54,52.86091666666667,-27.733916666666662,0.0,385,1,0
55,52.964875,-27.779722222222226,3.108,328,1,0
56,53.31041666666666,-27.88302777777777,0.0,155,1,0
57,52.94341666666667,-27.78975,0.0,464,1,0
58,53.13104166666667,-27.72694444444444,0.0,807,1,0
59,53.09904166666667,-27.558305555555553,0.0,191,1,0
60,52.93670833333333,-27.991972222222223,0.0,281,1,0
61,53.053875000000005,-27.747666666666674,3.117,1377,1,0
62,53.18120833333334,-27.635833333333334,3.111,135,1,0
63,52.881083333333336,-27.579777777777778,0.0,587,1,0
64,53.078833333333336,-27.6445,3.122,377,1,0
65,53.05008333333333,-28.037861111111113,0.0,233,1,0
66,53.02108333333333,-27.54477777777778,0.0,121,1,0
67,53.08175000000001,-27.6238611111111,0.0,541,1,0
68,53.36083333333333,-27.713305555555554,0.0,210,1,0
69,53.385916666666674,-27.612833333333338,0.0,514,1,0
70,52.90191666666667,-27.759666666666668,0.0,455,1,0
71,53.236083333333326,-27.83027777777777,3.102,317,1,0
72,53.304958333333325,-27.622555555555554,0.0,188,1,0
73,52.99925,-27.829555555555554,3.12,133,1//2,1
74,53.063,-27.648333333333333,0.0,155,1,0
75,53.102791666666675,-28.03125,0.0,241,1,0
76,53.36745833333333,-27.674111111111106,0.0,165,1,0
77,52.986125,-27.796249999999997,0.0,552,1,0
78,53.33233333333334,-27.639055555555558,0.0,149,1,0
79,53.216250000000024,-27.703305555555556,0.0,106,1,0
80,53.36733333333333,-28.055777777777777,3.122,464,1,0
81,52.95625,-28.027027777777786,0.0,124,1,0
82,53.11225,-27.96780555555556,0.0,198,1,0
83,53.30629166666667,-27.548500000000004,3.118,97,1,0
84,52.931666666666665,-27.9981388888889,0.0,243,1,0
85,53.13854166666665,-27.85758333333333,3.112,151,1,0
86,53.043875,-27.98819444444445,3.122,643,1,0
87,53.222291666666656,-27.944277777777778,0.0,110,1,0
88,53.180958333333336,-27.673083333333338,0.0,593,1,0
89,52.92787500000001,-27.55738888888889,0.0,266,1,0
90,52.87379166666667,-27.836250000000003,0.0,689,1,0
91,53.28920833333334,-27.763833333333334,0.0,129,1,0
92,53.164375,-27.74708333333333,0.0,91,1,0
93,53.120374999999996,-27.703777777777777,3.141,288,1,0
94,53.344500000000004,-27.99358333333333,0.0,98,1,0
95,53.28391666666668,-27.62272222222223,3.113,294,1,0
96,53.36295833333334,-27.54019444444445,0.0,328,1,0
97,52.90241666666667,-27.945805555555555,0.0,288,1,0
98,53.02020833333333,-27.64672222222222,0.0,118,1,0
99,53.29608333333333,-27.547166666666666,0.0,406,1,0
100,52.851875,-27.681388888888893,0.0,220,1,0
101,53.019125,-27.955416666666665,0.0,89,1,0
102,52.890499999999996,-28.02830555555555,0.0,83,1,0
103,53.24991666666666,-27.84063888888889,3.096,165,1,0
104,52.89995833333333,-27.848027777777773,0.0,307,1,0
105,53.302958333333336,-28.02766666666667,0.0,91,1,0
106,53.362500000000004,-27.703111111111106,3.101,167,1,0
107,53.20608333333333,-27.66077777777777,0.0,106,1,0
108,53.283125,-27.555194444444442,0.0,136,1,0
109,52.826416666666674,-27.81,0.0,238,1,0
110,53.012125000000005,-27.73538888888889,0.0,479,1,0
111,53.12083333333334,-28.012833333333333,0.0,509,1,0
112,53.27891666666667,-27.707694444444446,3.111,392,1//2,1
113,52.88066666666668,-27.567500000000003,0.0,369,1,0
114,53.30470833333332,-27.61352777777778,0.0,321,1,0
115,53.229000000000006,-27.868527777777782,3.134,377,1,0
116,53.34883333333333,-27.73586111111111,3.114,255,1,0
117,53.033458333333336,-27.548083333333338,0.0,90,1,0
118,53.08325000000001,-28.052305555555556,0.0,217,1,0
119,53.31308333333333,-28.040583333333338,0.0,215,1,0
120,52.9035,-27.876194444444433,0.0,410,1,0
121,53.173624999999994,-27.611388888888893,0.0,93,1,0
122,52.949000000000005,-27.704555555555554,0.0,205,1,0
123,52.927916666666675,-27.884638888888887,0.0,173,1,0
124,53.31133333333332,-27.98619444444445,0.0,198,1,0
125,53.38241666666667,-27.86141666666667,0.0,269,1,0
126,53.13970833333334,-27.96263888888889,0.0,246,1,0
127,53.33704166666666,-27.680333333333333,0.0,288,1,0
128,53.282375,-27.638666666666673,0.0,126,1,0
129,53.14295833333332,-27.799777777777777,3.102,163,1,0
130,53.31962500000001,-28.049611111111112,0.0,227,1,0
131,52.96529166666667,-27.803583333333332,0.0,514,1,0
132,52.977875,-27.881333333333334,0.0,255,1,0
133,53.23291666666666,-27.88302777777777,0.0,339,1,0
134,53.31099999999999,-27.60388888888889,3.107,205,1,0
135,52.959875,-27.992694444444453,0.0,321,1,0
136,53.27983333333333,-27.81430555555556,3.114,229,1//2,1
137,53.284499999999994,-27.69847222222222,0.0,272,1,0
138,53.359249999999996,-27.76902777777778,0.0,724,1,0
139,53.296125,-27.650416666666665,0.0,198,1,0
140,53.351333333333336,-28.049666666666667,0.0,389,1,0
141,53.16341666666666,-27.78655555555556,0.0,120,1,0
142,53.02858333333333,-27.89261111111111,0.0,611,1,0
143,53.244041666666675,-27.691944444444438,0.0,307,1,0
144,52.97012500000001,-27.755166666666668,3.106,186,1,0
145,53.30370833333335,-28.052277777777782,0.0,739,1,0
146,53.327333333333335,-27.563750000000002,0.0,926,1,0
147,53.340374999999995,-27.751916666666666,0.0,163,1,0
148,53.262458333333335,-28.043027777777766,0.0,136,1,0
149,53.238958333333336,-27.86169444444445,0.0,331,1,0
150,53.41141666666667,-27.784027777777776,0.0,460,1,0
151,53.06070833333334,-27.764555555555557,3.118,314,1,0
152,53.04649999999999,-28.058166666666654,0.0,357,1,0
153,53.035875000000004,-27.95325,0.0,564,1,0
154,53.299875000000014,-27.832083333333337,0.0,120,1,0
155,52.948375,-28.03511111111111,0.0,377,1,0
156,52.98504166666668,-27.636833333333335,0.0,101,1,0
157,53.108624999999996,-27.884249999999998,0.0,530,1,0
158,52.86387500000001,-27.947777777777773,0.0,381,1,0
159,52.92674999999999,-27.951249999999998,0.0,205,1,0
160,53.392583333333334,-27.77769444444445,0.0,121,1,0
161,53.26954166666667,-27.99522222222222,0.0,222,1,0
162,53.20174999999999,-27.951777777777778,0.0,410,1,0
163,53.32287499999999,-28.00780555555555,0.0,285,1,0
164,53.096916666666665,-27.951333333333338,0.0,514,1,0
165,52.886874999999996,-28.053138888888885,0.0,311,1,0
166,53.26275000000001,-27.615361111111106,3.107,385,1,0
167,53.246291666666664,-27.68561111111111,0.0,581,1,0
168,52.96570833333333,-27.95794444444444,0.0,617,1,0
169,53.26175,-27.95486111111111,0.0,464,1,0
170,53.28533333333334,-27.656472222222227,0.0,324,1,0
171,52.91112499999999,-27.762111111111125,0.0,317,1,0
172,53.249,-27.752611111111108,0.0,220,1,0
173,53.181041666666665,-28.01658333333333,0.0,220,1,0
174,53.173208333333335,-27.568722222222235,0.0,101,1,0
175,53.23804166666667,-27.752,0.0,294,1,0
176,53.40454166666666,-27.925388888888893,0.0,159,1,0
177,52.852458333333345,-27.581749999999996,0.0,494,1,0
178,53.049125,-27.58455555555556,0.0,460,1,0
179,53.27558333333333,-27.88741666666667,0.0,908,1,0
180,52.981416666666675,-28.03725,0.0,252,1,0
181,53.22387499999999,-28.021944444444447,0.0,188,1,0
182,53.35183333333333,-27.74269444444445,3.113,432,1,0
183,52.991875,-27.959250000000004,0.0,255,1,0
184,53.053125,-28.05736111111111,0.0,241,1,0
185,53.34345833333333,-27.548444444444446,0.0,294,1,0
186,53.317708333333336,-28.009638888888894,0.0,146,1,0
187,53.25733333333333,-27.858833333333326,0.0,575,1,0
188,53.08908333333333,-27.642916666666665,0.0,389,1,0
189,52.865958333333325,-27.81425000000001,0.0,365,1,0
190,53.38604166666666,-27.75680555555556,0.0,406,1,0
191,53.02124999999999,-27.712055555555548,0.0,126,1,0
192,53.11533333333333,-28.017222222222227,0.0,249,1,0
193,53.037166666666664,-27.66433333333333,0.0,246,1,0
194,53.36404166666667,-27.651222222222227,0.0,217,1,0
195,52.96483333333334,-27.64972222222222,0.0,324,1,0
196,53.33474999999999,-27.562861111111108,0.0,321,1,0
197,53.10133333333333,-27.697777777777777,3.114,86,1,0
198,53.34983333333332,-27.865472222222223,0.0,180,1,0
199,53.259750000000004,-28.00611111111111,0.0,252,1,0
200,53.32025,-28.01811111111111,-1,449,2,0
201,53.303,-27.713083333333334,-1,392,2,0
202,53.281708333333334,-27.8575,-1,92,2,0
203,53.07829166666668,-27.71341666666667,-1,251,2,0
204,53.19795833333334,-27.968777777777788,-1,235,2,0
205,53.21949999999999,-27.80261111111111,-1,272,2,0
206,52.93745833333333,-27.592472222222224,-1,248,2,0
207,52.97870833333333,-27.855833333333337,-1,310,2,0
208,52.91733333333333,-28.05208333333333,-1,116,2,0
209,53.343541666666674,-27.77691666666666,-1,143,2,0
210,53.112249999999996,-27.691194444444445,-1,177,2,0
211,53.140958333333344,-27.609805555555557,-1,192,2,0
212,53.28020833333333,-27.79641666666667,-1,134,2,0
213,53.38145833333334,-27.675583333333332,-1,113,2,0
214,53.328875,-27.641166666666663,-1,235,2,0
215,53.05533333333335,-27.725055555555553,-1,478,2,0
216,53.204875,-27.57780555555556,-1,222,2,0
217,53.194833333333335,-27.66669444444445,-1,513,2,0
218,52.89479166666667,-27.939472222222225,-1,111,2,0
219,53.299583333333324,-28.003472222222218,-1,197,2,0
220,53.41312500000002,-27.988222222222227,-1,981,2,0
221,52.965125,-27.975722222222224,-1,388,2,0
222,53.380625,-28.04061111111111,-1,313,2,0
223,52.97170833333334,-27.952277777777773,-1,334,2,0
224,53.16987500000001,-27.768305555555553,-1,91,2,0
225,52.964875,-27.77983333333333,-1,454,2,0
226,53.38625,-27.741222222222223,-1,272,2,0
227,53.38066666666666,-27.738694444444448,-1,119,2,0
228,52.949124999999995,-27.751,-1,300,2,0
229,53.39295833333333,-27.54011111111111,-1,183,2,0
230,52.82833333333333,-27.749055555555557,-1,440,2,0
231,53.332458333333335,-27.63897222222222,-1,248,2,0
232,53.07379166666665,-27.714416666666665,-1,205,2,0
233,53.157875000000004,-27.951916666666655,-1,120,2,0
234,53.19,-27.869666666666667,-1,623,2,0
235,53.078875,-27.64455555555556,-1,468,2,0
236,53.36266666666666,-27.70313888888889,-1,300,2,0
237,52.95983333333333,-27.98613888888889,-1,209,2,0
238,52.87708333333334,-27.79161111111111,-1,93,2,0
239,52.881125000000004,-27.579805555555556,-1,661,2,0
240,53.236083333333326,-27.830305555555544,-1,392,2,0
241,53.09900000000001,-27.55827777777778,-1,204,2,0
242,53.280541666666664,-27.910805555555555,-1,101,2,0
243,53.06574999999999,-27.73619444444444,-1,216,2,0
244,53.306374999999996,-27.548333333333343,-1,130,2,0
245,53.390375000000006,-27.70205555555556,-1,125,2,0
246,53.18125,-27.63580555555556,-1,130,2,0
247,53.007625,-27.665,-1,934,2,0
248,52.92641666666667,-27.968944444444446,-1,124,2,0
249,52.97012500000001,-27.75525,-1,345,2,0
250,53.38866666666666,-27.96913888888888,-1,93,2,0
251,53.33908333333333,-27.643305555555553,-1,445,2,0
252,53.06312500000001,-27.648416666666673,-1,156,2,0
253,53.311125000000004,-27.60388888888889,-1,317,2,0
254,53.24995833333334,-27.840694444444434,-1,204,2,0
255,53.142916666666665,-27.79988888888889,-1,240,2,0
256,53.08329166666667,-27.71669444444445,-1,830,2,0
257,53.138625,-27.857611111111115,-1,157,2,0
258,52.826416666666674,-27.810027777777776,-1,303,2,0
259,53.28916666666667,-27.763972222222222,-1,139,2,0
260,52.822291666666665,-27.827305555555547,-1,468,2,0
261,53.216208333333334,-27.703361111111107,-1,103,2,0
262,52.92799999999999,-27.884722222222223,-1,224,2,0
263,53.20216666666667,-27.93486111111111,-1,642,2,0
264,53.215708333333346,-27.625972222222227,-1,96,2,0
265,53.24229166666667,-27.801388888888887,-1,338,2,0
266,53.355625,-28.046222222222223,-1,138,2,0
267,53.305125000000004,-27.6225,-1,143,2,0
268,53.39262500000001,-27.777694444444446,-1,202,2,0
269,53.239124999999994,-27.922083333333326,-1,120,2,0
270,53.3275,-27.7618611111111,-1,147,2,0
271,53.24695833333334,-27.687500000000004,-1,237,2,0
272,52.84429166666667,-27.868472222222227,-1,1697,2,0
273,52.97783333333334,-27.881361111111108,-1,284,2,0
274,53.33687499999998,-27.862694444444443,-1,890,2,0
275,52.99183333333333,-27.791861111111114,-1,96,2,0
276,53.335375,-27.61113888888889,-1,214,2,0
277,53.32383333333333,-27.541972222222228,-1,129,2,0
278,52.949000000000005,-27.70461111111111,-1,206,2,0
279,52.91112499999999,-27.762083333333337,-1,468,2,0
280,53.07245833333332,-27.71344444444445,-1,554,2,0
281,53.24933333333334,-27.884916666666665,-1,183,2,0
282,53.36725,-28.055777777777777,-1,349,2,0
283,53.27087500000001,-27.727000000000007,-1,145,2,0
284,53.284,-27.62266666666666,-1,235,2,0
285,53.300124999999994,-27.977861111111114,-1,260,2,0
286,53.060666666666656,-27.764611111111112,-1,384,2,0
287,52.99508333333333,-27.824749999999998,-1,177,2,0
288,53.26383333333334,-27.694083333333335,-1,281,2,0
289,53.30479166666667,-27.613444444444436,-1,293,2,0
290,53.038958333333326,-27.731805555555557,-1,147,2,0
291,52.958333333333336,-27.860999999999994,-1,360,2,0
292,52.95141666666666,-27.979805555555554,-1,426,2,0
293,53.05258333333334,-27.80147222222222,-1,990,2,0
294,52.86100000000001,-27.733944444444447,-1,183,2,0
295,52.917625,-27.757500000000004,-1,108,2,0
296,52.97604166666667,-27.96766666666667,-1,313,2,0
297,53.282333333333334,-27.638611111111107,-1,109,2,0
298,53.238916666666654,-27.86169444444445,-1,360,2,0
299,53.389,-27.745777777777775,-1,219,2,0
300,53.02333333333333,-27.712083333333332,-1,540,2,0
301,53.30166666666668,-27.75672222222222,-1,122,2,0
302,53.08879166666667,-27.605888888888895,-1,136,2,0
303,53.042208333333335,-27.74133333333333,-1,435,2,0
304,53.188833333333314,-27.56772222222222,-1,317,2,0
305,53.03583333333334,-27.95330555555556,-1,629,2,0
306,52.92887499999999,-28.052055555555558,-1,388,2//2,1
307,53.26287500000001,-27.615333333333332,-1,463,2,0
308,53.18370833333333,-27.621555555555553,-1,109,2,0
309,52.89970833333332,-27.84797222222222,-1,224,2,0
310,53.043958333333336,-27.98819444444445,-1,426,2,0
311,53.10270833333334,-28.03144444444445,-1,134,2,0
312,53.40779166666667,-27.64405555555556,-1,1763,2,0
313,53.054083333333324,-27.747805555555544,-1,730,2,0
314,53.27116666666667,-27.617999999999995,-1,604,2,0
315,53.36995833333334,-28.04177777777777,-1,334,2,0
316,53.38849999999999,-27.66780555555556,-1,98,2,0
317,53.34887500000001,-27.73588888888889,-1,192,2,0
318,53.08529166666667,-27.583694444444447,-1,169,2,0
319,53.36379166666667,-27.553138888888885,-1,473,2,0
320,53.16241666666667,-27.772861111111112,-1,192,2,0
321,52.934875,-27.849222222222224,-1,216,2,0
322,53.261625,-27.95486111111111,-1,498,2,0
323,53.1275,-28.013277777777787,-1,855,2,0
324,53.31545833333334,-28.038611111111116,-1,752,2,0
325,53.372875,-27.966694444444446,-1,738,2,0
326,53.40445833333333,-27.925527777777774,-1,179,2,0
327,53.04216666666668,-27.884305555555557,-1,158,2,0
328,52.92891666666667,-27.751750000000005,-1,431,2,0
329,52.881625,-27.785444444444444,-1,306,2,0
330,53.380208333333336,-27.74352777777778,-1,272,2,0
331,53.101291666666654,-27.6978611111111,-1,219,2,0
332,53.24979166666666,-27.84144444444445,-1,313,2,0
333,53.22770833333333,-27.64836111111111,-1,730,2,0
334,53.009125000000004,-27.72858333333333,-1,1191,2,0
335,53.351958333333336,-27.74261111111111,-1,513,2,0
336,53.25862500000001,-27.852138888888888,-1,186,2,0
337,53.41145833333334,-27.784,-1,388,2,0
338,53.22770833333333,-27.86369444444445,-1,422,2,0
339,53.19824999999999,-27.927277777777775,-1,275,2,0
340,53.089625000000005,-27.601222222222226,-1,981,2,0
341,53.18395833333333,-27.849138888888895,-1,953,2,0
342,52.93737499999999,-27.9745,-1,219,2,0
343,53.17800000000001,-27.66108333333333,-1,290,2,0
344,53.279333333333334,-27.631416666666663,-1,111,2,0
345,53.320375,-27.73141666666666,-1,124,2,0
346,53.207208333333334,-27.77888888888889,-1,401,2,0
347,53.372125000000004,-27.611472222222215,-1,143,2,0
348,53.38245833333333,-27.861305555555564,-1,168,2,0
349,52.973083333333335,-27.783333333333335,-1,164,2,0
350,53.092791666666656,-27.582944444444443,-1,216,2,0
351,53.252541666666666,-28.001750000000005,-1,349,2,0
352,53.36837499999999,-27.752694444444444,-1,334,2,0
353,53.397416666666665,-27.798527777777778,-1,219,2,0
354,52.873875,-27.836250000000003,-1,347,2,0
355,53.011625,-27.75805555555555,-1,240,2,0
356,53.26237499999999,-27.841500000000007,-1,380,2,0
357,53.313375000000015,-27.900388888888887,-1,129,2,0
358,53.31175,-27.73586111111111,-1,380,2,0
359,53.03524999999999,-27.81208333333333,-1,445,2,0
360,53.359249999999996,-27.769166666666663,-1,468,2,0
361,53.298874999999995,-27.781027777777776,-1,312,2,0
362,52.860375,-27.842861111111112,-1,209,2,0
363,53.27350000000001,-27.879777777777782,-1,284,2,0
364,52.96025,-27.687555555555562,-1,364,2,0
365,53.32366666666667,-27.76236111111112,-1,109,2,0
366,52.95408333333333,-27.894083333333334,-1,322,2,0
367,53.294875000000005,-27.878166666666665,-1,356,2,0
368,53.284875,-27.96616666666667,-1,478,2,0
369,53.07158333333333,-27.767333333333337,-1,103,2,0
370,53.311499999999995,-27.98613888888889,-1,99,2,0
371,53.39316666666668,-27.866,-1,1528,2,0
372,53.37683333333334,-28.040500000000005,-1,1618,2,0
373,52.991875,-27.95938888888889,-1,248,2,0
374,53.223375000000004,-27.797916666666666,-1,334,2,0
375,53.37424999999998,-27.979277777777778,-1,311,2,0
376,53.23812500000001,-27.752055555555554,-1,245,2,0
377,52.95225,-27.805944444444446,-1,116,2,0
378,53.08350000000001,-27.59066666666667,-1,308,2,0
379,52.92833333333334,-27.779861111111117,-1,405,2,0
380,53.34658333333333,-27.566555555555556,-1,305,2,0
381,53.39475,-27.706083333333332,-1,149,2,0
382,52.94841666666668,-28.035,-1,275,2,0
383,53.21424999999999,-27.604166666666668,-1,227,2,0
384,53.17666666666666,-27.605861111111103,-1,177,2,0
385,53.27583333333333,-27.61738888888889,-1,209,2,0
386,53.29654166666667,-27.78186111111111,-1,93,2,0
387,53.00970833333332,-27.54744444444444,-1,604,2,0
388,52.928124999999994,-27.806694444444442,-1,298,2,0
389,53.27216666666667,-27.96902777777778,-1,175,2,0
390,53.25975,-27.801277777777784,-1,331,2,0
391,53.21987499999999,-27.676055555555557,-1,154,2,0
392,53.28295833333334,-27.945500000000006,-1,327,2,0
393,52.925666666666665,-27.73313888888889,-1,292,2,0
394,53.3715,-27.55,-1,166,2,0
395,53.307833333333335,-27.794500000000006,-1,188,2,0
396,53.37495833333334,-27.766861111111115,-1,127,2,0
397,53.26949999999999,-27.995250000000002,-1,150,2,0
398,52.908583333333326,-27.905194444444437,-1,132,2,0
399,52.94341666666667,-27.84525,-1,563,2,0
400,53.228833333333334,-27.585305555555554,-1,310,2,0
401,53.19229166666666,-27.638666666666673,-1,105,2,0
402,52.993500000000004,-27.75933333333333,-1,349,2,0
403,53.09804166666665,-27.69680555555556,-1,320,2,0
404,52.92495833333334,-27.889694444444448,-1,440,2,0
405,53.21125000000001,-27.665388888888884,-1,245,2,0
406,53.36845833333333,-27.8441111111111,-1,114,2,0
407,53.191375,-27.887388888888893,-1,158,2,0
408,52.85900000000001,-27.609138888888893,-1,551,2,0
409,52.99333333333334,-27.553833333333333,-1,264,2,0
410,52.928708333333326,-27.863972222222223,-1,293,2,0
411,53.07058333333334,-27.555027777777777,-1,232,2,0
412,52.978333333333346,-28.01883333333333,-1,141,2,0
413,53.20454166666666,-27.759361111111115,-1,173,2,0
414,53.244166666666665,-27.816750000000006,-1,258,2,0
415,53.19841666666666,-27.62697222222222,-1,181,2,0
416,53.24404166666667,-27.691972222222223,-1,158,2,0
417,53.20262499999999,-27.908166666666666,-1,181,2,0
418,53.209625,-27.998777777777782,-1,278,2,0
419,53.169791666666676,-27.934222222222225,-1,586,2,0
420,52.87416666666666,-27.587333333333333,-1,127,2,0
421,53.37545833333333,-27.738194444444446,-1,284,2,0
422,53.318208333333345,-27.672944444444447,-1,209,2,0
423,53.15987500000001,-27.610194444444442,-1,483,2,0
424,53.12862499999999,-27.868249999999993,-1,197,2,0
425,53.035416666666656,-27.965027777777777,-1,244,2,0
426,52.96820833333332,-27.69141666666666,-1,244,2,0
427,53.407875000000004,-27.866527777777776,-1,1336,2,0
428,52.89058333333334,-27.602999999999998,-1,241,2,0
429,52.96383333333333,-27.88544444444445,-1,166,2,0
430,53.073833333333354,-27.958194444444448,-1,238,2,0
431,53.41137499999999,-27.814083333333336,-1,268,2,0
432,53.180958333333336,-27.67319444444444,-1,199,2,0
433,52.981916666666685,-27.96022222222222,-1,409,2,0
434,53.094875,-28.042555555555555,-1,604,2,0
435,53.16479166666668,-27.761638888888893,-1,405,2,0
436,53.371624999999995,-27.834888888888884,-1,364,2,0
437,53.07020833333334,-27.676222222222215,-1,338,2,0
438,53.15695833333333,-27.629222222222232,-1,251,2,0
439,53.217625000000005,-27.673194444444444,-1,300,2,0
440,53.24366666666666,-27.63833333333334,-1,257,2,0
441,53.36516666666667,-27.911694444444436,-1,237,2,0
442,53.22666666666666,-27.72897222222222,-1,136,2,0
443,53.191375,-27.885555555555555,-1,524,2,0
444,53.376958333333334,-27.66258333333333,-1,320,2,0
445,53.20758333333334,-27.824666666666673,-1,563,2,0
446,52.88775,-28.008638888888893,-1,478,2,0
447,53.246249999999996,-27.68558333333333,-1,303,2,0
448,53.233166666666655,-27.68683333333333,-1,388,2,0
449,52.99012500000001,-27.988583333333334,-1,293,2,0
450,53.382874999999984,-27.96908333333333,-1,216,2,0
451,53.36841666666667,-27.656833333333328,-1,281,2,0
452,53.019208333333346,-27.76902777777778,-1,206,2,0
453,53.061625,-27.802361111111114,-1,181,2,0
454,53.010875000000006,-27.578111111111113,-1,338,2,0
455,34.711870833333336,-4.848508333333331,3.134,264.6,3,0
456,34.43637083333334,-4.842230555555554,3.135,55.9,3,0
457,34.7425125,-5.2073222222222215,3.147,62.9,3,0
458,34.34124166666668,-5.1534555555555555,3.105,124.8,3,0
459,34.66430416666667,-5.141105555555555,3.141,76.3,3,0
460,34.64003749999999,-5.082741666666665,3.129,47.2,3,0
461,34.52844166666666,-5.06911111111111,3.129,62.6,3,0
462,34.531225,-5.0637833333333315,3.125,37.6,3,0
463,34.30080833333333,-5.060308333333335,3.125,104.3,3,0
464,34.272970833333325,-5.0569999999999995,3.152,41.8,3,0
465,34.286433333333335,-5.040666666666665,3.136,39.7,3,0
466,34.36322083333332,-5.0060472222222225,3.144,69.1,3,0
467,34.25080833333333,-4.9278749999999985,3.113,128.2,3,0
468,34.43102916666667,-4.922730555555556,3.111,204.2,3,0
469,34.51659999999999,-4.892216666666666,3.133,137.2,3,0
470,35.10303333333334,-4.86811111111111,3.105,86.2,3,0
471,34.78917083333334,-4.789474999999999,3.152,65.2,3,0
472,34.81949999999999,-4.977333333333334,3.129,58.4,3,0
473,34.42453750000001,-4.729949999999998,3.106,114.1,3,0
474,34.366504166666665,-4.726780555555555,3.119,121.3,3,0
475,34.436366666666665,-4.724725,3.152,343.0,3,0
476,34.39830416666667,-4.716619444444445,3.102,135.5,3,0
477,34.42706250000002,-4.685736111111111,3.154,73.6,3,0
478,34.42602499999999,-4.555761111111111,3.108,146.8,3,0
479,34.42494583333332,-4.525152777777775,3.123,18.6,3,0
480,34.476404166666676,-4.501783333333332,3.112,83.4,3,0
481,34.42851666666667,-4.482894444444446,3.133,75.9,3,0
482,34.275287500000005,-5.276333333333332,3.106,148.8,3,0
483,34.577108333333335,-5.532705555555556,3.132,98.1,3,0
484,34.60884166666666,-5.495886111111111,3.156,82.3,3,0
485,34.272516666666675,-5.459905555555556,3.133,88.7,3,0
486,34.48844583333333,-5.45022222222222,3.123,233.7,3,0
487,34.347158333333326,-5.413680555555556,3.167,73.4,3,0
488,34.76723749999999,-5.332830555555555,3.125,42.6,3,0
489,34.6719125,-5.3138305555555565,3.102,164.6,3,0
490,34.0184125,-4.828697222222222,3.125,85.0,3,0
491,34.21990000000001,-4.945280555555556,3.13,137.3,3,0
492,34.11269999999999,-5.045550000000002,3.139,55.7,3,0
493,34.0609625,-5.037538888888888,3.141,51.2,3,0
494,34.026808333333335,-4.803375000000001,3.121,101.1,3,0
495,34.02524583333333,-4.849333333333333,3.124,63.5,3,0
496,34.448816666666666,-4.875055555555554,3.648,75.2,3,0
497,34.73367916666665,-4.8497305555555545,3.683,87.3,3,0
498,34.2906875,-5.20806388888889,3.691,335.6,3,0
499,34.60915416666667,-5.167577777777779,3.699,57.7,3,0
500,34.25432916666667,-5.124577777777779,3.686,161.8,3,0
501,34.30509583333334,-4.981466666666667,3.684,14.4,3,0
502,34.936183333333325,-4.848725,3.669,150.0,3,0
503,35.04801666666667,-4.835558333333335,3.644,95.4,3,0
504,35.12760416666667,-4.804275,3.702,110.4,3,0
505,34.80465833333332,-4.866472222222222,3.692,126.4,3,0
506,34.814008333333334,-4.9199611111111095,3.672,67.4,3,0
507,34.82212916666666,-5.1275055555555555,3.693,92.8,3,0
508,34.3654875,-4.737222222222222,3.683,63.1,3,0
509,34.63074583333332,-4.731880555555554,3.724,48.9,3,0
510,34.6701625,-4.703202777777777,3.692,82.7,3,0
511,34.55660833333333,-4.515877777777778,3.668,90.7,3,0
512,34.532337500000004,-5.3466972222222235,3.638,147.9,3,0
513,34.61554999999999,-5.329813888888891,3.677,118.9,3,0
514,34.541687499999995,-5.303675,3.684,134.4,3,0
515,34.43065833333333,-5.269958333333334,3.682,141.3,3,0
516,34.61739166666666,-5.218580555555557,3.701,84.1,3,0
517,34.64665416666667,-5.5973555555555565,3.671,129.7,3,0
518,34.43913333333333,-5.459875000000001,3.648,61.7,3,0
519,34.31131250000001,-5.421158333333335,3.729,94.5,3,0
520,34.177470833333345,-4.982158333333333,3.667,66.3,3,0
521,34.169500000000006,-5.024869444444447,3.699,19.9,3,0
522,35.05060416666666,-4.8307472222222225,5.681,159.6,3,0
523,35.0556625,-4.852583333333332,5.744,64.3,3,0
524,35.08967500000001,-4.887497222222223,5.671,120.6,3,0
525,35.10890833333333,-4.876194444444445,5.718,29.2,3,0
526,34.59421666666666,-5.560502777777779,5.65,133.2,3,0
527,34.579724999999996,-5.553247222222221,5.676,135.1,3,0
528,34.560141666666674,-5.546977777777778,5.673,42.7,3,0
529,34.5723,-5.539675000000001,5.644,855.6,3,0
530,34.59926666666667,-5.53481388888889,5.68,174.2,3,0
531,34.430466666666675,-5.526391666666668,5.629,126.1,3,0
532,34.4519875,-5.524172222222223,5.69,81.4,3,0
533,34.463141666666665,-5.501005555555554,5.712,21.3,3,0
534,34.43862499999999,-5.49336111111111,5.688,93.3,3,0
535,34.45471666666667,-5.481716666666667,5.696,79.3,3,0
536,34.4376375,-5.478463888888889,5.751,61.6,3,0
537,34.430637499999996,-5.46863333333333,5.685,122.9,3,0
538,34.458354166666666,-5.452275,5.693,106.4,3,0
539,53.15811500000001,-27.78637194444444,4.78,62.1,4,0
540,53.171186125,-27.77846111111111,4.94,77.2,4,0
541,53.15155112500001,-27.785348055555556,3.61,85.0,4,0
542,53.163726125000004,-27.779076111111106,3.28,101.3,4,0
543,53.16256112500001,-27.772861111111105,3.09,0.0,4,0
544,53.167601125000004,-27.774718888888888,3.07,69.6,4,0
545,53.16786612499999,-27.778616944444444,3.72,87.7,4,0
546,53.168071958333336,-27.775265,3.55,108.4,4,0
547,53.170199999999994,-27.777319999999996,4.7,28.5,4,0
548,53.166028875,-27.78277388888889,3.89,44.7,4,0
549,53.16396,-27.779688055555564,3.46,77.0,4,0
550,53.16239304166666,-27.771601111111107,3.19,62.2,4,0
551,53.153465,-27.77699805555556,3.05,47.0,4,0
552,53.164516125000006,-27.773879999999995,4.82,37.9,4,0
553,53.157456958333334,-27.77556,3.76,34.9,4,0
554,53.159155,-27.784108055555556,3.61,36.3,4,0
555,53.170996125,-27.78118805555556,3.0,219.8,4,0
556,53.153839999999995,-27.779243055555547,3.94,195.3,4,0
557,53.15424112500001,-27.774929999999998,4.77,41.9,4,0
558,53.163176125,-27.779113055555552,3.09,180.5,4,0
559,53.157861125,-27.78,5.13,37.6,4,0
560,53.16060804166666,-27.771536944444446,5.98,150.7,4,0
561,53.153576125,-27.77679111111112,4.51,115.3,4,0
562,53.17011195833334,-27.78103305555555,3.67,154.2,4,0
563,53.15676387500002,-27.779805,3.44,224.6,4,0
564,53.16290804166666,-27.785181944444435,4.67,195.7,4,0
565,53.15703695833333,-27.772648888888884,5.98,39.2,4,0
566,53.15344195833331,-27.76611888888889,3.81,52.8,4,0
567,53.1679,-27.79795305555556,3.46,26.7,4,0
568,53.169938875,-27.76834,3.09,31.2,4,0
569,53.161971125,-27.81908611111111,4.5,97.9,4,0
570,53.16223,-27.815768888888897,3.1,0.0,4,0
571,53.17824887500001,-27.773996111111106,3.67,78.7,4,0
572,53.163473875,-27.81384,2.99,0.0,4,0
573,53.18644804166667,-27.792795000000005,4.36,54.2,4,0
574,53.14200695833335,-27.79740888888889,3.97,26.4,4,0
575,53.160865,-27.80112194444445,3.6,51.3,4,0
576,53.14604195833334,-27.79158888888889,3.33,58.5,4,0
577,53.12548804166667,-27.788223055555555,3.24,0.0,4,0
578,53.164051125,-27.81903805555556,4.03,42.1,4,0
579,53.184386124999996,-27.791261944444447,4.11,63.7,4,0
580,53.166721125,-27.80416305555556,5.83,20.4,4,0
581,53.141656125,-27.77493805555556,3.77,71.8,4,0
582,53.152995000000004,-27.806005,3.6,134.4,4,0
583,53.158366125,-27.81343,3.7,28.1,4,0
584,53.17869695833334,-27.79883611111111,3.71,145.9,4,0
585,53.13769195833333,-27.781268055555554,4.88,33.4,4,0
586,53.17816,-27.790191111111113,3.3,41.1,4,0
587,53.168316958333335,-27.81324611111111,4.03,60.0,4,0
588,53.17458804166666,-27.777868055555555,3.28,83.5,4,0
589,53.182996124999995,-27.78045999999999,4.38,58.5,4,0
590,53.149925,-27.801733055555555,4.51,46.2,4,0
591,53.15611112500002,-27.78978805555555,3.42,120.8,4,0
592,53.152489999999986,-27.797708055555557,3.01,27.6,4,0
593,53.16266112499999,-27.80230111111111,4.81,54.9,4,0
594,53.17982695833334,-27.800876944444443,4.81,96.6,4,0
595,53.19288112499999,-27.786896111111112,4.39,53.9,4,0
596,53.16476612499999,-27.761536944444444,3.09,69.6,4,0
597,53.17625,-27.802689999999995,3.74,74.0,4,0
598,53.18085,-27.774123888888887,4.47,59.3,4,0
599,53.181006124999996,-27.78112000000001,4.41,52.6,4,0
600,53.167393041666664,-27.766818055555554,4.08,256.4,4,0
601,53.14673804166667,-27.78764805555555,3.56,72.2,4,0
602,53.15103804166666,-27.78286611111111,5.27,27.9,4,0
603,53.15408887500001,-27.798788055555555,3.52,267.0,4,0
604,53.13590695833334,-27.79835694444444,5.78,32.4,4,0
605,53.15263612500001,-27.789346111111115,4.12,161.9,4,0
606,53.14877112499999,-27.771703055555555,2.95,48.8,4,0
607,53.169811958333334,-27.803363055555558,3.45,133.9,4,0
608,53.168338041666665,-27.80412694444445,4.95,79.6,4,0
609,53.18042195833333,-27.77058111111111,5.03,443.4,4,0
610,53.156355,-27.80958888888889,5.05,287.0,4,0
611,53.16277304166667,-27.75828,3.6,0.0,4,0
612,53.15048000000001,-27.765236111111115,3.0,140.6,4,0
613,53.16821304166667,-27.761765000000004,3.8,131.6,4,0
614,53.18248500000001,-27.794075000000003,3.07,74.7,4,0
615,53.18443195833334,-27.78436388888889,3.0,0.0,4,0
616,53.137916125,-27.787741111111114,3.47,91.0,4,0
617,53.133273875,-27.78967,3.33,162.7,4,0
618,53.14805804166667,-27.794999999999995,4.51,109.5,4,0
619,53.155148875,-27.762365000000003,2.93,105.0,4,0
620,53.187891125,-27.788201944444445,3.01,0.0,4,0
621,53.191016958333336,-27.791646111111113,4.84,91.7,4,0
622,53.162616125,-27.803606111111108,4.53,192.7,4,0
623,53.18418195833332,-27.797323888888894,3.73,168.4,4,0
624,53.160811125,-27.804488888888883,4.5,77.0,4,0
625,53.15003304166666,-27.776318055555553,3.17,168.4,4,0
626,53.178278875,-27.776468888888886,3.77,58.7,4,0
627,53.185756125,-27.783405,4.54,40.6,4,0
628,53.18200195833333,-27.800433888888897,3.26,102.0,4,0
629,53.15641195833333,-27.806403888888887,3.54,0.0,4,0
630,53.16277387500001,-27.760764999999996,5.92,115.5,4,0
631,53.13519195833333,-27.79509388888889,5.08,0.0,4,0
632,53.17652804166667,-27.771036111111112,5.89,106.0,4,0
633,53.133438874999996,-27.787096944444443,4.14,98.4,4,0
634,53.15679695833334,-27.769165,4.81,99.7,4,0
635,53.14205804166667,-27.779779999999995,5.93,42.5,4,0
636,53.16015695833333,-27.81087611111111,3.71,0.0,4,0
637,53.14317804166668,-27.796885,3.25,464.9,4,0
638,53.172141124999996,-27.80673388888888,4.4,240.3,4,0
639,53.138158874999995,-27.794645,3.56,80.4,4,0
640,53.153858875000005,-27.79168388888889,3.15,603.5,4,0
641,53.178226124999995,-27.77792388888889,3.38,146.0,4,0
642,53.14549387499999,-27.7889938888889,4.15,330.7,4,0
643,53.137204999999994,-27.787321111111105,4.4,241.0,4,0
644,53.15240195833333,-27.803915000000003,3.18,235.4,4,0
645,53.192661958333325,-27.790666111111115,4.78,58.1,4,0
646,53.150585,-27.80196194444444,3.5,0.0,4,0
647,53.17286195833333,-27.779775,3.47,388.1,4,0
648,53.160523041666664,-27.768768888888886,4.03,210.3,4,0
649,53.13369999999999,-27.78274305555556,3.92,0.0,4,0
650,53.161438875000016,-27.798448888888878,3.17,349.2,4,0
651,53.168893875000016,-27.796528888888897,4.71,157.9,4,0
652,53.170131125000005,-27.808790000000002,6.04,175.2,4,0
653,53.15459695833333,-27.770516111111114,3.3,0.0,4,0
654,53.169613041666665,-27.772611944444442,3.33,84.1,4,0
655,53.160556124999985,-27.771091111111115,3.73,84.3,4,0
656,53.15926195833333,-27.78496611111111,3.7,374.0,4,0
657,53.16924887500001,-27.781255000000005,3.14,96.1,4,0
658,53.152593875,-27.775776944444445,4.05,167.8,4,0
659,53.15213,-27.779298888888892,3.23,152.9,4,0
660,53.15303695833334,-27.786704999999998,4.23,970.0,4,0
661,53.17006304166667,-27.77503694444444,5.89,155.1,4,0
662,53.170328874999996,-27.778353055555552,4.45,562.2,4,0
663,53.16767695833333,-27.777433888888883,5.4,742.9,4,0
664,53.16570304166667,-27.781258055555547,4.18,53.0,4,0
665,53.16242304166667,-27.78216694444444,5.13,4.0,4,0
666,53.15254000000001,-27.783798055555547,4.78,617.0,4,0
667,53.143203041666666,-27.787981111111115,3.42,0.0,4,0
668,53.157596125,-27.797839999999997,4.23,0.0,4,0
669,53.16397500000001,-27.79957194444445,5.45,92.0,4,0
670,53.19483,-27.784605,4.54,0.0,4,0
671,53.147566125,-27.80398,3.8,0.0,4,0
672,53.152061958333334,-27.792604999999995,4.15,190.2,4,0
673,53.14324612500001,-27.786831111111113,3.75,0.0,4,0
674,53.17383804166667,-27.800336944444446,3.07,0.0,4,0
675,53.186434999999996,-27.794263888888892,3.7,120.1,4,0
676,53.15171195833333,-27.802763055555552,3.6,0.0,4,0
677,53.15499000000001,-27.776766944444443,3.47,92.1,4,0
678,53.165731125,-27.771716111111107,4.5,139.8,4,0
679,53.169898874999994,-27.776871944444444,5.05,18.9,4,0
680,53.163470000000004,-27.781441111111114,4.74,91.7,4,0
681,53.15846695833333,-27.771203055555567,3.66,134.6,4,0
682,53.16828112500001,-27.781056111111106,3.0,38.9,4,0
683,53.16976,-27.772501111111115,3.33,0.0,4,0
684,53.17629695833334,-27.77891305555556,3.19,0.0,4,0
685,53.175968874999995,-27.79261305555556,3.71,0.0,4,0
686,53.143035,-27.799873888888882,3.1,0.0,4,0
687,53.16573195833333,-27.816459999999996,4.62,142.4,4,0
688,53.153093041666665,-27.80704888888889,3.7,183.5,4,0
689,53.138578874999986,-27.790216944444445,5.48,95.1,4,0
690,53.15499195833334,-27.806988055555546,4.23,96.2,4,0
691,53.162333041666656,-27.793005000000004,3.6,24.7,4,0
692,53.13323999999998,-27.786723888888893,2.95,67.3,4,0
693,53.15756887500002,-27.764705000000006,3.56,0.0,4,0
694,53.17330499999999,-27.78381888888888,4.41,60.0,4,0
695,53.13273387499999,-27.79503805555555,3.18,42.6,4,0
696,53.18507612500001,-27.783946111111117,3.68,82.2,4,0
697,53.135123875000005,-27.792276944444446,3.1,53.7,4,0
698,53.146910000000005,-27.790191111111113,3.37,129.1,4,0
699,53.179101125,-27.786973055555556,3.68,267.2,4,0
700,53.158308041666665,-27.80717111111111,4.23,104.7,4,0
701,53.167928875,-27.81232694444445,3.0,322.5,4,0
702,53.135226124999996,-27.797718888888884,4.24,106.3,4,0
703,53.17658804166666,-27.768608888888892,2.99,82.5,4,0
704,53.17418887499999,-27.78992388888889,3.71,142.2,4,0
705,53.14624804166667,-27.80081194444444,4.85,66.8,4,0
706,53.17317999999999,-27.7678,3.5,398.2,4,0
707,53.146083874999995,-27.78542305555555,4.88,67.3,4,0
708,53.152803041666665,-27.795409999999997,3.97,202.0,4,0
709,53.150236125,-27.766438055555557,4.14,57.1,4,0
710,53.13578195833333,-27.795471944444436,3.09,68.6,4,0
711,53.167604999999995,-27.803793055555555,3.56,86.9,4,0
712,53.15929887499999,-27.76089305555556,3.33,153.6,4,0
713,53.15196695833333,-27.807976944444437,4.5,80.7,4,0
714,53.15694387499999,-27.81614111111111,4.86,0.0,4,0
715,53.138413875,-27.77721888888889,4.94,61.0,4,0
716,53.146623875,-27.779476111111105,3.33,0.0,4,0
717,53.12777804166667,-27.786485000000006,4.45,648.4,4,0
718,53.13766304166666,-27.782558055555555,4.85,214.2,4,0
719,53.156936958333326,-27.804686111111106,4.5,165.2,4,0
720,53.166438875000004,-27.807913888888887,3.26,409.2,4,0
721,53.144018041666676,-27.793843888888894,4.34,0.0,4,0
722,53.15100500000001,-27.795200000000005,3.67,0.0,4,0
723,338.2239166666666,-60.56043611111112,0.5637,-1,5,0
724,338.21725000000004,-60.56654444444445,0.5638,-1,5,0
725,338.2176666666667,-60.56743055555556,0.5798,-1,5,0
726,338.2425416666667,-60.55878888888889,0.4223,-1,5,0
727,338.2476249999999,-60.56106111111111,0.4637,-1,5,0
728,338.23366666666664,-60.57060277777778,0.5638,-1,5,0
729,338.22095833333333,-60.557925000000004,1.284,-1,5,0
730,338.21733333333333,-60.55664444444444,1.29,-1,5,0
731,338.2203333333333,-60.55475555555556,1.2838,-1,5,0
732,338.23020833333334,-60.56875,0.4647,-1,5,0
733,338.2327916666667,-60.55493055555556,0.581,-1,5,0
734,338.24125,-60.56364444444445,0.4275,-1,5,0
735,338.23225,-60.55937500000001,0.5641,-1,5,0
736,338.22575,-60.56914999999999,2.4061,-1,5,0
737,338.21679166666667,-60.56183055555556,3.2903,-1,5,0
738,338.22129166666673,-60.555625000000006,2.6735,-1,5,0
739,338.22858333333335,-60.5617,2.6707,-1,5,0
740,35.3095,-4.527277777777778,3.09,73,6,0
741,35.31775,-4.492444444444445,2.78,58,6,0
742,35.327,-4.458944444444445,2.78,28,6,0
743,35.33008333333333,-4.511083333333334,3.32,62,6,0
744,35.33270833333333,-4.462055555555556,2.78,23,6,0
745,35.34516666666668,-4.490333333333335,2.77,340,6,0
746,35.34779166666667,-4.4859444444444465,2.55,252,6,0
747,35.363125,-4.494222222222223,2.76,47,6,0
748,46.644208333333324,-0.013777777777777776,3.1,16,6,0
749,46.64829166666666,0.00513888888888889,3.57,0,6,0
750,46.658833333333334,0.011111111111111106,2.08,139,6,0
751,46.66970833333332,-0.025750000000000002,2.25,2213,6,0
752,46.67125,-0.04680555555555556,3.25,91,6,0
753,46.68341666666666,-0.02427777777777778,2.54,0,6,0
754,46.68404166666666,0.01313888888888889,3.0,27,6,0
755,46.68516666666668,0.029638888888888902,3.67,16,6,0
756,46.68654166666666,-0.047027777777777786,2.26,0,6,0
757,46.69395833333334,0.051888888888888894,2.45,322,6,0
758,46.701499999999996,0.004722222222222222,3.01,258,6,0
759,46.70912499999999,-0.037472222222222226,3.21,29,6,0
760,46.71087500000001,0.027527777777777776,3.18,24,6,0
761,46.723499999999994,-0.042444444444444444,3.74,51,6,0
762,46.73025,0.009388888888888888,2.83,3338,6,0
763,46.73133333333333,0.059333333333333335,2.54,48,6,0
764,46.745166666666684,-0.042916666666666686,2.58,26,6,0
765,150.02429166666664,2.3297777777777777,2.73,270,6,0
766,150.02608333333333,2.2196944444444435,2.18,380,6,0
767,150.02979166666668,2.249111111111111,2.9,55,6,0
768,150.03050000000002,2.212638888888889,2.71,198,6,0
769,150.03162500000002,2.2551111111111113,2.87,148,6,0
770,150.035875,2.2940555555555555,2.43,1306,6,0
771,150.036375,2.21388888888889,3.25,76,6,0
772,150.03729166666665,2.2897777777777786,2.45,79,6,0
773,150.040375,2.248583333333333,3.45,238,6,0
774,150.0460833333333,2.2074166666666666,3.45,58,6,0
775,150.051375,2.237777777777779,2.43,114,6,0
776,150.05183333333332,2.2980555555555555,2.16,128,6,0
777,150.05237499999998,2.2985,3.21,51,6,0
778,150.05462500000002,2.315638888888889,2.45,54,6,0
779,150.05520833333333,2.2803333333333327,2.28,0,6,0
780,150.059,2.2411944444444445,2.29,114,6,0
781,150.06120833333333,2.2737499999999993,2.65,134,6,0
782,150.06120833333333,2.2965,2.44,160,6,0
783,150.06845833333333,2.3417222222222223,2.91,372,6,0
784,150.069625,2.305972222222223,2.71,97,6,0
785,150.07120833333332,2.270583333333333,3.49,56,6,0
786,150.07266666666666,2.2830555555555554,3.3,63,6,0
787,150.07274999999996,2.3178333333333323,3.3,202,6,0
788,150.0773333333333,2.2499444444444445,2.31,373,6,0
789,150.08079166666667,2.2201666666666657,3.04,55,6,0
790,150.08666666666667,2.321888888888889,2.72,459,6,0
791,150.09858333333335,2.22,2.1,71,6,0
792,150.11141666666668,2.2944444444444443,3.27,98,6,0
793,150.1136666666667,2.2920277777777778,2.29,140,6,0
794,150.11449999999996,2.264527777777779,3.18,62,6,0
795,150.11770833333333,2.2995555555555556,2.49,206,6,0
796,150.11874999999998,2.298861111111111,2.81,88,6,0
797,150.1210833333333,2.235888888888889,2.43,49,6,0
798,150.123875,2.3139166666666657,2.2,0,6,0
799,150.1275,2.2955277777777785,2.57,87,6,0
800,150.13325,2.2641666666666667,3.64,0,6,0
801,150.13383333333334,2.3198055555555555,2.87,62,6,0
802,150.13862500000002,2.3068333333333335,3.3,76,6,0
803,150.14129166666666,2.2216388888888887,2.23,59,6,0
804,150.14504166666666,2.295111111111111,3.32,107,6,0
805,150.1462083333333,2.2970555555555556,3.04,36,6,0
806,150.14895833333335,2.3161388888888887,2.87,166,6,0
807,150.15295833333332,2.219388888888889,2.84,49,6,0
808,150.16504166666667,2.227388888888889,2.44,62,6,0
809,150.16958333333332,2.2948611111111106,3.07,58,6,0
810,150.16991666666667,2.3065555555555552,2.1,14,6,0
811,150.17120833333334,2.2843333333333335,2.63,0,6,0
812,150.17270833333333,2.3045833333333334,3.07,21,6,0
813,150.17825,2.2753333333333328,2.81,48,6,0
814,150.183875,2.2663611111111113,2.46,49,6,0
815,150.19041666666664,2.282972222222221,2.25,0,6,0
816,189.07216666666662,62.17341666666666,2.6,452,6,0
817,189.073,62.21944444444444,2.93,50,6,0
818,189.1317916666667,62.19408333333334,2.92,91,6,0
819,189.14370833333328,62.21491666666666,3.18,81,6,0
820,189.1489583333333,62.20158333333334,2.76,194,6,0
821,189.1497083333333,62.193972222222214,2.91,0,6,0
822,189.1740416666666,62.21086111111112,2.59,70,6,0
823,189.177125,62.24686111111111,2.96,110,6,0
824,189.18274999999997,62.23361111111112,2.27,32,6,0
825,189.19525,62.20761111111112,2.97,105,6,0
826,189.19608333333332,62.25372222222223,3.18,39,6,0
827,189.20575000000002,62.23938888888889,3.37,86,6,0
828,189.20849999999996,62.23352777777777,2.24,71,6,0
829,189.2095,62.18216666666667,2.93,125,6,0
830,189.21499999999995,62.253083333333336,3.41,58,6,0
831,189.21529166666662,62.25452777777779,3.34,32,6,0
832,189.22612500000002,62.22666666666667,2.27,180,6,0
833,189.2289166666667,62.22847222222223,2.42,27,6,0
834,189.24737499999995,62.2285,3.13,17,6,0
835,189.26870833333336,62.246277777777784,2.21,169,6,0
836,189.27437499999994,62.250861111111114,3.24,32,6,0
837,189.28137499999997,62.193972222222214,2.8,0,6,0
838,189.29583333333332,62.19469444444444,2.28,56,6,0
